-- MySQL dump 10.13  Distrib 5.5.47, for debian-linux-gnu (i686)
--
-- Host: localhost    Database: dbinventory
-- ------------------------------------------------------
-- Server version	5.5.47-0ubuntu0.14.04.1

/*!40101 SET @OLD_CHARACTER_SET_CLIENT=@@CHARACTER_SET_CLIENT */;
/*!40101 SET @OLD_CHARACTER_SET_RESULTS=@@CHARACTER_SET_RESULTS */;
/*!40101 SET @OLD_COLLATION_CONNECTION=@@COLLATION_CONNECTION */;
/*!40101 SET NAMES utf8 */;
/*!40103 SET @OLD_TIME_ZONE=@@TIME_ZONE */;
/*!40103 SET TIME_ZONE='+00:00' */;
/*!40014 SET @OLD_UNIQUE_CHECKS=@@UNIQUE_CHECKS, UNIQUE_CHECKS=0 */;
/*!40014 SET @OLD_FOREIGN_KEY_CHECKS=@@FOREIGN_KEY_CHECKS, FOREIGN_KEY_CHECKS=0 */;
/*!40101 SET @OLD_SQL_MODE=@@SQL_MODE, SQL_MODE='NO_AUTO_VALUE_ON_ZERO' */;
/*!40111 SET @OLD_SQL_NOTES=@@SQL_NOTES, SQL_NOTES=0 */;

--
-- Table structure for table `admin`
--

DROP TABLE IF EXISTS `admin`;
/*!40101 SET @saved_cs_client     = @@character_set_client */;
/*!40101 SET character_set_client = utf8 */;
CREATE TABLE `admin` (
  `idadmin` int(11) NOT NULL AUTO_INCREMENT,
  `username` varchar(45) NOT NULL,
  `password` varchar(45) NOT NULL,
  `name` varchar(45) NOT NULL,
  `privilege` int(11) NOT NULL,
  PRIMARY KEY (`idadmin`)
) ENGINE=InnoDB AUTO_INCREMENT=3 DEFAULT CHARSET=latin1;
/*!40101 SET character_set_client = @saved_cs_client */;

--
-- Dumping data for table `admin`
--

LOCK TABLES `admin` WRITE;
/*!40000 ALTER TABLE `admin` DISABLE KEYS */;
INSERT INTO `admin` VALUES (1,'admin','c3rmat','Ian',1),(2,'user','CermatHebat','User',2);
/*!40000 ALTER TABLE `admin` ENABLE KEYS */;
UNLOCK TABLES;

--
-- Table structure for table `category`
--

DROP TABLE IF EXISTS `category`;
/*!40101 SET @saved_cs_client     = @@character_set_client */;
/*!40101 SET character_set_client = utf8 */;
CREATE TABLE `category` (
  `idcategory` int(11) NOT NULL AUTO_INCREMENT,
  `name` varchar(45) NOT NULL,
  `code` varchar(1) NOT NULL,
  PRIMARY KEY (`idcategory`)
) ENGINE=InnoDB AUTO_INCREMENT=7 DEFAULT CHARSET=latin1;
/*!40101 SET character_set_client = @saved_cs_client */;

--
-- Dumping data for table `category`
--

LOCK TABLES `category` WRITE;
/*!40000 ALTER TABLE `category` DISABLE KEYS */;
INSERT INTO `category` VALUES (1,'Laptop','A'),(2,'Keyboard','B'),(3,'Mouse','C'),(4,'Monitor','D'),(5,'Laptop Adaptor','E'),(6,'Other','F');
/*!40000 ALTER TABLE `category` ENABLE KEYS */;
UNLOCK TABLES;

--
-- Table structure for table `division`
--

DROP TABLE IF EXISTS `division`;
/*!40101 SET @saved_cs_client     = @@character_set_client */;
/*!40101 SET character_set_client = utf8 */;
CREATE TABLE `division` (
  `iddivision` int(11) NOT NULL AUTO_INCREMENT,
  `name` varchar(45) NOT NULL,
  PRIMARY KEY (`iddivision`)
) ENGINE=InnoDB AUTO_INCREMENT=12 DEFAULT CHARSET=latin1;
/*!40101 SET character_set_client = @saved_cs_client */;

--
-- Dumping data for table `division`
--

LOCK TABLES `division` WRITE;
/*!40000 ALTER TABLE `division` DISABLE KEYS */;
INSERT INTO `division` VALUES (1,'IT Support'),(2,'Product'),(3,'HR'),(4,'CS'),(5,'Data Entry'),(6,'Content'),(7,'Internal'),(8,'Finance'),(9,'Design'),(10,'Developer'),(11,'CEO');
/*!40000 ALTER TABLE `division` ENABLE KEYS */;
UNLOCK TABLES;

--
-- Table structure for table `item`
--

DROP TABLE IF EXISTS `item`;
/*!40101 SET @saved_cs_client     = @@character_set_client */;
/*!40101 SET character_set_client = utf8 */;
CREATE TABLE `item` (
  `iditem` int(11) NOT NULL AUTO_INCREMENT,
  `idinventory` varchar(4) NOT NULL,
  `dateIn` datetime NOT NULL,
  `dateOut` datetime DEFAULT NULL,
  `name` varchar(45) NOT NULL,
  `idcategory` varchar(45) NOT NULL,
  `serialNumber` varchar(45) NOT NULL,
  `status` varchar(45) NOT NULL,
  `iduser` int(11) DEFAULT '0',
  `lastIdUser` int(11) DEFAULT '0',
  `notes` text,
  PRIMARY KEY (`iditem`)
) ENGINE=InnoDB AUTO_INCREMENT=67 DEFAULT CHARSET=latin1;
/*!40101 SET character_set_client = @saved_cs_client */;

--
-- Dumping data for table `item`
--

LOCK TABLES `item` WRITE;
/*!40000 ALTER TABLE `item` DISABLE KEYS */;
INSERT INTO `item` VALUES (1,'A009','2016-03-08 00:00:00','2016-03-15 11:39:10','Lenovo Z50-70','1','YB05020152','Used Up',1,0,''),(5,'E31','2016-03-10 18:13:39',NULL,'Adaptor Lenovo Bulat','5','BT2CP','Stock',0,0,'Baru'),(6,'C018','2016-03-15 00:00:00','2016-03-15 11:47:22','Logitech','3','HS424HA','Used Up',1,0,''),(7,'D014','2016-03-15 00:00:00','2016-03-15 11:47:08','DELL','4','705T','Used Up',1,0,''),(8,'A34','2016-03-15 00:00:00',NULL,'Lenovo B490','1','50785','Stock',0,0,'Baru'),(9,'A50','2016-03-15 00:00:00',NULL,'Lenovo G40-45','1','5E5D','Stock',0,0,'Baru'),(10,'A46','2016-03-15 16:47:42',NULL,'Lenovo G40-45','1','G5RM','Stock',0,0,'Baru'),(11,'A49','2016-03-15 16:48:45',NULL,'Lenovo G40-45','1','5B8M','Stock',0,0,'Baru'),(12,'A42','2016-03-15 16:49:23',NULL,'Lenovo G40-45','1','X7HM','Stock',0,0,'Baru'),(13,'A51','2016-03-15 16:49:54',NULL,'Lenovo G40-45','1','6EAM','Stock',0,0,'Baru'),(14,'E45','2016-03-15 16:51:26',NULL,'Adaptor Lenovo Kotak','5','59EVWT','Stock',0,0,'Baru'),(15,'E32','2016-03-15 16:54:55',NULL,'Adaptor Lenovo Kotak','5','770RP7','Stock',0,0,'Baru'),(16,'E46','2016-03-15 16:55:30',NULL,'Adaptor Lenovo Kotak','5','V01T1','Stock',0,0,'Baru'),(17,'E49','2016-03-15 16:57:52',NULL,'Adaptor Lenovo Kotak','5','T0C5H','Stock',0,0,'Baru'),(18,'E50','2016-03-15 17:01:31',NULL,'Adaptor Lenovo Kotak','5','87CP5','Stock',0,0,'Baru'),(19,'A11','2016-03-15 17:05:46',NULL,'Lenovo Z50-70','1','39003','Stock',0,0,'Baru'),(20,'B04','2016-03-15 17:08:27',NULL,'Logitech K200','2','AW738','Stock',0,0,'Baru'),(21,'C28','2016-03-15 17:10:09',NULL,'Logitech B100','3','C28','Stock',0,0,'Baru'),(22,'A37','2016-03-15 17:13:45','2016-03-15 17:16:07','Lenono B490','1','26681','Used Up',2,0,''),(23,'D004','2016-03-15 17:18:04','2016-03-15 17:18:33','LG','4','70497','Used Up',2,0,''),(24,'C17','2016-03-15 17:19:36','2016-03-15 17:19:57','Mouse Gaming','3','22719','Used Up',2,0,''),(25,'B007','2016-03-15 00:00:00','2016-03-15 17:21:16','Logitech K200','2','4XDN8','Used Up',2,0,''),(26,'E36','2016-03-15 17:24:29','2016-03-15 17:25:06','Adaptor Lenovo Bulat','5','CVG2P','Used Up',2,0,''),(27,'B003','2016-03-17 11:21:27','2016-03-15 17:26:31','Logitech K200','2','4WVY8','Stock',0,7,'Baik'),(28,'E33','2016-03-15 17:28:05','2016-03-15 17:28:21','Adaptor Lenovo Kotak','5','4B52TJ','Used Up',1,0,''),(29,'E51','2016-03-16 15:12:37',NULL,'Adaptor Lenovo Kotak','5','702DM','Stock',0,0,'Baru'),(30,'A52','2016-03-16 15:13:43',NULL,'Lenovo ideapad 300-14ISK','1','PF0E6BEM','Stock',0,0,'Baru'),(31,'C15','2016-03-16 15:25:02','2016-03-16 15:25:02','Mouse Gaming','3','22719','Used Up',48,0,NULL),(32,'A17','2016-03-16 15:30:34','2016-03-16 15:30:34','laptop Lenovo B40','1','93551','Used Up',48,0,NULL),(33,'E23','2016-03-16 15:31:26','2016-03-16 15:31:26','Adaptor Lenovo Kotak','5','AW9ZL','Used Up',48,0,NULL),(34,'B11','2016-03-16 15:32:47','2016-03-16 15:32:47','Keyboard Logitech K200','2','8TYA8','Used Up',48,0,NULL),(35,'A43','2016-03-16 15:34:31','2016-03-16 15:34:31','Lenovo G40-45','1','PF0CM454','Used Up',49,0,NULL),(36,'E007','2016-03-16 15:35:37','2016-03-16 15:35:37','Adaptor Lenovo Kotak','5','AVHHM','Used Up',49,0,NULL),(37,'C38','2016-03-16 15:37:43','2016-03-16 15:37:43','Mouse Logitech','3','30HA','Used Up',49,0,NULL),(38,'D005','2016-03-16 15:40:28','2016-03-16 15:40:28','Monitor LG`','4','C686','Used Up',5,0,NULL),(39,'C26','2016-03-16 15:41:30','2016-03-16 15:41:30','Mouse Logitech','3','47HA','Used Up',45,0,NULL),(40,'B009','2016-03-16 15:42:12','2016-03-16 15:42:12','Keyboard Logitech K200','2','XJY8','Used Up',45,0,NULL),(41,'A16','2016-03-16 15:43:12','2016-03-16 15:43:12','laptop Lenovo B40','1','94393','Used Up',45,0,NULL),(42,'E24','2016-03-16 15:44:14','2016-03-16 15:44:14','Adaptor Lenovo Kotak','5','AWA0X','Used Up',45,0,NULL),(43,'E21','2016-03-16 15:44:59','2016-03-16 15:44:59','Adaptor Lenovo Kotak','5','AVJAN','Used Up',7,0,NULL),(44,'A18','2016-03-16 15:45:40','2016-03-16 15:45:40','laptop Lenovo B40','1','394118','Used Up',7,0,NULL),(45,'F26','2016-03-16 15:47:14','2016-03-16 15:47:14','Headset Logitech H151','6','LA11508','Used Up',7,0,NULL),(46,'C14','2016-03-16 15:48:46','2016-03-16 15:48:46','Mouse Gaming','3','22719','Used Up',8,0,NULL),(47,'B10','2016-03-16 15:49:59','2016-03-16 15:49:59','Keyboard Logitech K200','2','XFX8','Used Up',8,0,NULL),(48,'A33','2016-03-16 15:51:42','2016-03-16 15:51:42','Laptop Lenovo B490','1','50757','Used Up',8,0,NULL),(49,'E30','2016-03-16 15:54:01','2016-03-16 15:54:01','Adaptor Lenovo Bulat','5','BVDH5','Used Up',8,0,NULL),(50,'F17','2016-03-16 15:55:21','2016-03-16 15:55:21','Headset Logitech H150','6','80678','Used Up',8,0,NULL),(51,'C48','2016-03-17 09:42:03',NULL,'Mouse Logitech','3','HS447HA','Stock',0,0,'Baru'),(52,'C39','2016-03-17 10:53:19','2016-03-17 10:53:19','Mouse Logitech','3','HS530HA','Used Up',11,0,NULL),(53,'C22','2016-03-17 10:55:25','2016-03-17 10:55:25','Mouse Gaming Baru','3','C22','Used Up',14,0,NULL),(54,'B005','2016-03-17 10:57:07','2016-03-17 10:57:07','Keyboard Logitech K200','2','4WSKB','Used Up',14,0,NULL),(55,'A021','2016-03-17 10:58:36','2016-03-17 10:58:36','Laptop Toshiba Satelite C55-B5170','1','ZE135150P','Used Up',14,0,NULL),(56,'C009','2016-03-17 11:01:32','2016-03-17 11:01:32','Mouse Logitech','3','HS447HA','Used Up',13,0,NULL),(57,'A013','2016-03-17 11:03:18','2016-03-17 11:03:18','Laptop Lenovo G40-70','1','YB08971789','Used Up',13,0,NULL),(58,'E10','2016-03-17 11:04:10','2016-03-17 11:04:10','Adaptor Toshiba','5','09414','Used Up',14,0,NULL),(59,'E16','2016-03-17 11:05:28','2016-03-17 11:05:28','Adaptor Lenovo Kotak','5','AVHRA','Used Up',13,0,NULL),(60,'C40','2016-03-17 11:07:09','2016-03-17 11:07:09','Mouse Logitech','3','810-002793','Used Up',12,0,NULL),(61,'B12','2016-03-17 11:10:48','2016-03-17 11:24:01','Keyboard Extron EX-9920','2','110900027','Used Up',1,0,''),(62,'E005','2016-03-17 11:11:56','2016-03-17 11:11:56','Adaptor Lenovo Kotak','5','5139RB','Used Up',12,0,NULL),(63,'A24','2016-03-17 11:13:05','2016-03-17 11:13:05','Laptop Lenovo G40-70','1','82335','Used Up',12,0,NULL),(64,'D007','2016-03-17 11:16:02','2016-03-17 11:16:02','Monitor LG','4','70484','Used Up',9,0,NULL),(65,'E29','2016-03-17 11:18:22','2016-03-17 11:18:22','Adaptor Lenovo Bulat','5','BW7T9','Used Up',9,0,NULL),(66,'E006','2016-03-17 11:19:15','2016-03-17 11:19:15','Adaptor Lenovo Kotak','5','AWA0V','Used Up',10,0,NULL);
/*!40000 ALTER TABLE `item` ENABLE KEYS */;
UNLOCK TABLES;

--
-- Table structure for table `log`
--

DROP TABLE IF EXISTS `log`;
/*!40101 SET @saved_cs_client     = @@character_set_client */;
/*!40101 SET character_set_client = utf8 */;
CREATE TABLE `log` (
  `idlog` int(11) NOT NULL AUTO_INCREMENT,
  `date` datetime NOT NULL,
  `user` varchar(45) NOT NULL,
  `action` varchar(45) NOT NULL,
  `value` text NOT NULL,
  `iditem` int(11) NOT NULL,
  PRIMARY KEY (`idlog`)
) ENGINE=InnoDB AUTO_INCREMENT=194 DEFAULT CHARSET=latin1;
/*!40101 SET character_set_client = @saved_cs_client */;

--
-- Dumping data for table `log`
--

LOCK TABLES `log` WRITE;
/*!40000 ALTER TABLE `log` DISABLE KEYS */;
INSERT INTO `log` VALUES (1,'2016-03-10 16:43:30','admin','User Login Success','Username : admin<br>Name : Ian',1),(2,'2016-03-10 18:09:18','','Deleting item(s)','ID Inventory : A001\n                    				Item Name : asdsadas\n                    				Category : laptop\n                    				S/N : dsadadsada\n                    				Status : Stock\n                    				iduser : 0',4),(3,'2016-03-10 18:09:18','','Deleting item(s)','ID Inventory : A009\n                    				Item Name : asdsadsad\n                    				Category : laptop\n                    				S/N : adsadsadsadasd\n                    				Status : Stock\n                    				iduser : 0',3),(4,'2016-03-11 09:55:20','admin','User Login Success','Username : admin<br>Name : Ian',1),(5,'2016-03-11 11:25:00','admin','User Login Success','Username : admin<br>Name : Ian',1),(6,'2016-03-11 11:27:05','Ian','Update Item','\n												 				OLD DATA\n												 				---------------------------------------\n												 				ID Inventory 	: dsfd\n							                    				Date In 		: 2016-03-11 11:25:50\n							                    				Date Out 		: \n							                    				Item Name 		: sdfsdf\n							                    				Category 		: 2\n							                    				S/N 			: sdfdsfdsf\n							                    				Status 			: Stock\n							                    				ID User 		: 0\n							                    				Last ID User 	: 0\n							                    				Notes 			: Baru\n\n							                    				NEW DATA\n							                    				----------------------------------------\n							                    				ID Inventory 	: dsfdsdfdsfds\n							                    				Date In 		: 11 March, 2016\n							                    				Item Name 		: sdfsdf\n							                    				Category 		: 2\n							                    				S/N 			: sdfdsfdsf\n							                    				Status 			: Stock\n							                    				',6),(7,'2016-03-11 11:27:12','Ian','Update Item','\n												 				OLD DATA\n												 				---------------------------------------\n												 				ID Inventory 	: dsfd\n							                    				Date In 		: 0000-00-00 00:00:00\n							                    				Date Out 		: \n							                    				Item Name 		: sdfsdf\n							                    				Category 		: 2\n							                    				S/N 			: sdfdsfdsf\n							                    				Status 			: Stock\n							                    				ID User 		: 0\n							                    				Last ID User 	: 0\n							                    				Notes 			: Baru\n\n							                    				NEW DATA\n							                    				----------------------------------------\n							                    				ID Inventory 	: dsfd\n							                    				Date In 		: 1 January, 1970\n							                    				Item Name 		: sdfsdfasdasdasa\n							                    				Category 		: 2\n							                    				S/N 			: sdfdsfdsf\n							                    				Status 			: Stock\n							                    				',6),(8,'2016-03-11 11:27:24','Ian','Update Item','\n												 				OLD DATA\n												 				---------------------------------------\n												 				ID Inventory 	: dsfd\n							                    				Date In 		: 0000-00-00 00:00:00\n							                    				Date Out 		: \n							                    				Item Name 		: sdfsdfasdasdasa\n							                    				Category 		: 2\n							                    				S/N 			: sdfdsfdsf\n							                    				Status 			: Stock\n							                    				ID User 		: 0\n							                    				Last ID User 	: 0\n							                    				Notes 			: Baru\n\n							                    				NEW DATA\n							                    				----------------------------------------\n							                    				ID Inventory 	: dsfdasdsadsadada\n							                    				Date In 		: 1 January, 1970\n							                    				Item Name 		: sdfsdfasdasdasa\n							                    				Category 		: 2\n							                    				S/N 			: sdfdsfdsf\n							                    				Status 			: Stock\n							                    				',6),(9,'2016-03-11 11:30:04','Ian','Update Item','\n												 				OLD DATA\n												 				---------------------------------------\n												 				ID Inventory 	: dsfd\n							                    				Date In 		: 0000-00-00 00:00:00\n							                    				Date Out 		: \n							                    				Item Name 		: sdfsdfasdasdasa\n							                    				Category 		: 2\n							                    				S/N 			: sdfdsfdsf\n							                    				Status 			: Stock\n							                    				ID User 		: 0\n							                    				Last ID User 	: 0\n							                    				Notes 			: Baru\n\n							                    				NEW DATA\n							                    				----------------------------------------\n							                    				ID Inventory 	: dsfd\n							                    				Date In 		: 1 January, 1970\n							                    				Item Name 		: sdfsdfasdasdasa\n							                    				Category 		: 2\n							                    				S/N 			: sdfdsfdsf\n							                    				Status 			: Stock\n							                    				',6),(10,'2016-03-11 11:30:59','Ian','Update Item','\n												 				OLD DATA\n												 				---------------------------------------\n												 				ID Inventory 	: dsfd\n							                    				Date In 		: 0000-00-00 00:00:00\n							                    				Date Out 		: \n							                    				Item Name 		: sdfsdfasdasdasa\n							                    				Category 		: 2\n							                    				S/N 			: sdfdsfdsf\n							                    				Status 			: Stock\n							                    				ID User 		: 0\n							                    				Last ID User 	: 0\n							                    				Notes 			: Baru\n\n							                    				NEW DATA\n							                    				----------------------------------------\n							                    				ID Inventory 	: dsfdasdsadsadsa\n							                    				Date In 		: 6 January, 1970\n							                    				Item Name 		: sdfsdfasdasdasa\n							                    				Category 		: 2\n							                    				S/N 			: sdfdsfdsf\n							                    				Status 			: Stock\n							                    				',6),(11,'2016-03-11 11:33:27','Ian','Update Item','\n												 				OLD DATA\n												 				---------------------------------------\n												 				ID Inventory 	: dsfd\n							                    				Date In 		: 0000-00-00 00:00:00\n							                    				Date Out 		: \n							                    				Item Name 		: sdfsdfasdasdasa\n							                    				Category 		: 2\n							                    				S/N 			: sdfdsfdsf\n							                    				Status 			: Stock\n							                    				ID User 		: 0\n							                    				Last ID User 	: 0\n							                    				Notes 			: Baru\n\n							                    				NEW DATA\n							                    				----------------------------------------\n							                    				ID Inventory 	: dsfdasdsadsadsa\n							                    				Date In 		: 6 January, 1970\n							                    				Item Name 		: sdfsdfasdasdasa\n							                    				Category 		: 2\n							                    				S/N 			: sdfdsfdsf\n							                    				Status 			: Stock\n							                    				',6),(12,'2016-03-11 11:36:52','Ian','Update Item','\n												 				OLD DATA\n												 				---------------------------------------\n												 				ID Inventory 	: dsfd\n							                    				Date In 		: 0000-00-00 00:00:00\n							                    				Date Out 		: \n							                    				Item Name 		: sdfsdfasdasdasa\n							                    				Category 		: 2\n							                    				S/N 			: sdfdsfdsf\n							                    				Status 			: Stock\n							                    				ID User 		: 0\n							                    				Last ID User 	: 0\n							                    				Notes 			: Baru\n\n							                    				NEW DATA\n							                    				----------------------------------------\n							                    				ID Inventory 	: dsfdasdsadsadsa\n							                    				Date In 		: 6 January, 1970\n							                    				Item Name 		: sdfsdfasdasdasa\n							                    				Category 		: 2\n							                    				S/N 			: sdfdsfdsf\n							                    				Status 			: Stock\n							                    				',6),(13,'2016-03-11 11:37:10','Ian','Update Item','\n												 				OLD DATA\n												 				---------------------------------------\n												 				ID Inventory 	: dsfd\n							                    				Date In 		: 0000-00-00 00:00:00\n							                    				Date Out 		: \n							                    				Item Name 		: sdfsdfasdasdasa\n							                    				Category 		: 2\n							                    				S/N 			: sdfdsfdsf\n							                    				Status 			: Stock\n							                    				ID User 		: 0\n							                    				Last ID User 	: 0\n							                    				Notes 			: Baru\n\n							                    				NEW DATA\n							                    				----------------------------------------\n							                    				ID Inventory 	: dsfdsadsadsadsa\n							                    				Date In 		: 1 January, 1970\n							                    				Item Name 		: sdfsdfasdasdasa\n							                    				Category 		: 2\n							                    				S/N 			: sdfdsfdsf\n							                    				Status 			: Stock\n							                    				',6),(14,'2016-03-11 11:48:56','Ian','Update Item','\n												 				OLD DATA\n												 				---------------------------------------\n												 				ID Inventory 	: dsfd\n							                    				Date In 		: 0000-00-00 00:00:00\n							                    				Date Out 		: \n							                    				Item Name 		: sdfsdfasdasdasa\n							                    				Category 		: 2\n							                    				S/N 			: sdfdsfdsf\n							                    				Status 			: Stock\n							                    				ID User 		: 0\n							                    				Last ID User 	: 0\n							                    				Notes 			: Baru\n\n							                    				NEW DATA\n							                    				----------------------------------------\n							                    				ID Inventory 	: dsfdsadsadsadsa\n							                    				Date In 		: 1970-01-01 00:00:00\n							                    				Item Name 		: sdfsdfasdasdasa\n							                    				Category 		: 2\n							                    				S/N 			: sdfdsfdsf\n							                    				Status 			: Stock\n							                    				',6),(15,'2016-03-11 11:50:57','Ian','Update Item','\n												 				OLD DATA\n												 				---------------------------------------\n												 				ID Inventory 	: A009\n							                    				Date In 		: 2016-03-08 18:17:23\n							                    				Date Out 		: \n							                    				Item Name 		: Laptop Lenovo Z50\n							                    				Category 		: 1\n							                    				S/N 			: YB05020152\n							                    				Status 			: Stock\n							                    				ID User 		: 0\n							                    				Last ID User 	: 0\n							                    				Notes 			: Baru\n\n							                    				NEW DATA\n							                    				----------------------------------------\n							                    				ID Inventory 	: A009\n							                    				Date In 		: 2016-03-08 00:00:00\n							                    				Item Name 		: Laptop Lenovo Z50\n							                    				Category 		: 1\n							                    				S/N 			: YB05020152\n							                    				Status 			: Stock\n							                    				',1),(16,'2016-03-11 11:52:17','Ian','Update Item','\n												 				OLD DATA\n												 				---------------------------------------\n												 				ID Inventory 	: dsfd\n							                    				Date In 		: 1970-01-01 00:00:00\n							                    				Date Out 		: \n							                    				Item Name 		: sdfsdfasdasdasa\n							                    				Category 		: 2\n							                    				S/N 			: sdfdsfdsf\n							                    				Status 			: Stock\n							                    				ID User 		: 0\n							                    				Last ID User 	: 0\n							                    				Notes 			: Baru\n\n							                    				NEW DATA\n							                    				----------------------------------------\n							                    				ID Inventory 	: sasd\n							                    				Date In 		: 1970-01-01 00:00:00\n							                    				Item Name 		: sdfsdfasdasdasa\n							                    				Category 		: 2\n							                    				S/N 			: sdfdsfdsf\n							                    				Status 			: Stock\n							                    				',6),(17,'2016-03-11 11:52:38','Ian','Update Item','\n												 				OLD DATA\n												 				---------------------------------------\n												 				ID Inventory 	: sasd\n							                    				Date In 		: 1970-01-01 00:00:00\n							                    				Date Out 		: \n							                    				Item Name 		: sdfsdfasdasdasa\n							                    				Category 		: 2\n							                    				S/N 			: sdfdsfdsf\n							                    				Status 			: Stock\n							                    				ID User 		: 0\n							                    				Last ID User 	: 0\n							                    				Notes 			: Baru\n\n							                    				NEW DATA\n							                    				----------------------------------------\n							                    				ID Inventory 	: sasd\n							                    				Date In 		: 1970-01-01 00:00:00\n							                    				Item Name 		: sdfsdfasdasdasa\n							                    				Category 		: 1\n							                    				S/N 			: sdfdsfdsf\n							                    				Status 			: Stock\n							                    				',6),(18,'2016-03-11 11:52:53','Ian','Update Item','\n												 				OLD DATA\n												 				---------------------------------------\n												 				ID Inventory 	: sasd\n							                    				Date In 		: 1970-01-01 00:00:00\n							                    				Date Out 		: \n							                    				Item Name 		: sdfsdfasdasdasa\n							                    				Category 		: 1\n							                    				S/N 			: sdfdsfdsf\n							                    				Status 			: Stock\n							                    				ID User 		: 0\n							                    				Last ID User 	: 0\n							                    				Notes 			: Baru\n\n							                    				NEW DATA\n							                    				----------------------------------------\n							                    				ID Inventory 	: sasd\n							                    				Date In 		: 1970-01-01 00:00:00\n							                    				Item Name 		: sdfsdfasdasdasa\n							                    				Category 		: 1\n							                    				S/N 			: sdfdsfdsf\n							                    				Status 			: Stock\n							                    				',6),(19,'2016-03-11 11:55:52','Ian','Deleting item(s)','ID Inventory : sasd\n                    				Item Name : sdfsdfasdasdasa\n                    				Category : 1\n                    				S/N : sdfdsfdsf\n                    				Status : Stock\n                    				iduser : 0',6),(20,'2016-03-11 11:56:50','Ian','Update Item','\n												 				OLD DATA\n												 				---------------------------------------\n												 				ID Inventory 	: dfsf\n							                    				Date In 		: 2016-03-11 11:56:32\n							                    				Date Out 		: \n							                    				Item Name 		: sdfsd\n							                    				Category 		: 5\n							                    				S/N 			: fdsfsdfs\n							                    				Status 			: Stock\n							                    				ID User 		: 0\n							                    				Last ID User 	: 0\n							                    				Notes 			: Baru\n\n							                    				NEW DATA\n							                    				----------------------------------------\n							                    				ID Inventory 	: dfsf\n							                    				Date In 		: 2016-03-01 00:00:00\n							                    				Item Name 		: sdfsd\n							                    				Category 		: 5\n							                    				S/N 			: fdsfsdfs\n							                    				',7),(21,'2016-03-11 11:57:22','Ian','Deleting item(s)','ID Inventory : dfsf\n                    				Item Name : sdfsd\n                    				Category : 5\n                    				S/N : fdsfsdfs\n                    				Status : Stock\n                    				iduser : 0',7),(22,'2016-03-11 12:14:31','Admin','User Login Success','Username : admin<br>Name : Ian',1),(23,'2016-03-11 13:52:46','admin','User Login Success','Username : admin<br>Name : Ian',1),(24,'2016-03-11 15:34:33','admin','User Login Success','Username : admin<br>Name : Ian',1),(25,'2016-03-11 16:02:30','Ian','Add New Division','Division Name : IT Support',1),(26,'2016-03-11 16:03:43','Ian','Add New Item','Name : Ian\n                    Division : 1',0),(27,'2016-03-11 16:04:20','Ian','Add New Division','Division Name : Product',2),(28,'2016-03-11 16:05:57','Ian','Add New Item','Name : Johan\n                    Division : 2',2),(29,'2016-03-11 16:06:11','Ian','Add New Division','Division Name : HR',3),(30,'2016-03-11 16:06:30','Ian','Add New Division','Division Name : CS',4),(31,'2016-03-11 16:06:42','Ian','Add New Division','Division Name : Data Entry',5),(32,'2016-03-11 16:08:38','Ian','Update User','\n												 				OLD DATA\n												 				---------------------------------------\n												 				Name 		: Ian\n							                    				Division 	: 1\n\n							                    				NEW DATA\n							                    				----------------------------------------\n							                    				Name 		: Ian\n							                    				Division 	: 2\n							                    				',1),(33,'2016-03-11 16:08:45','Ian','Update User','\n												 				OLD DATA\n												 				---------------------------------------\n												 				Name 		: Ian\n							                    				Division 	: 2\n\n							                    				NEW DATA\n							                    				----------------------------------------\n							                    				Name 		: Ian\n							                    				Division 	: 1\n							                    				',1),(34,'2016-03-11 16:08:51','Ian','Update User','\n												 				OLD DATA\n												 				---------------------------------------\n												 				Name 		: Ian\n							                    				Division 	: 1\n\n							                    				NEW DATA\n							                    				----------------------------------------\n							                    				Name 		: Ianz\n							                    				Division 	: 1\n							                    				',1),(35,'2016-03-11 16:08:57','Ian','Update User','\n												 				OLD DATA\n												 				---------------------------------------\n												 				Name 		: Ianz\n							                    				Division 	: 1\n\n							                    				NEW DATA\n							                    				----------------------------------------\n							                    				Name 		: Ian\n							                    				Division 	: 1\n							                    				',1),(36,'2016-03-11 16:09:06','Ian','Add New Item','Name : asdsadas\n                    Division : 4',3),(37,'2016-03-11 16:09:29','Ian','Deleting User(s)','Name : asdsadas\n                                    Division : 4',3),(38,'2016-03-11 16:14:41','admin','User Logout','Username : admin<br>Name : Ian',0),(39,'2016-03-11 16:14:52','admin','User Login Success','Username : admin<br>Name : Ian',1),(40,'2016-03-11 16:21:44','admin','User Login Success','Username : admin<br>Name : Ian',1),(41,'2016-03-11 16:22:04','admin','User Logout','Username : admin<br>Name : Ian',0),(42,'2016-03-11 17:05:37','Ian','Add New Item','ID Inventory : A002\n                                Item Name : sadasd\n                                Category : 1\n                                S/N : asdads',8),(43,'2016-03-11 17:06:17','Ian','Deleting item(s)','ID Inventory : A002\n                    				Item Name : sadasd\n                    				Category : 1\n                    				S/N : asdads\n                    				Status : Stock\n                    				iduser : 0',8),(44,'2016-03-12 15:53:45','admin','User Login Success','Username : admin<br>Name : Ian',1),(45,'2016-03-14 14:11:41','admin','User Login Success','Username : admin<br>Name : Ian',1),(46,'2016-03-14 17:14:34','admin','User Login Success','Username : admin<br>Name : Ian',1),(47,'2016-03-14 17:55:10','Admin','User Login Success','Username : admin<br>Name : Ian',1),(48,'2016-03-15 02:22:09','admin','User Login Success','Username : admin<br>Name : Ian',1),(49,'2016-03-15 09:01:30','admin','User Login Success','Username : admin<br>Name : Ian',1),(50,'2016-03-15 11:36:23','admin','User Login Success','Username : admin<br>Name : Ian',1),(51,'2016-03-15 11:41:57','Ian','Add New Item','ID Inventory : C018\n                                Item Name : Mouse Logitech\n                                Category : 3\n                                S/N : HS424HA',6),(52,'2016-03-15 11:46:17','Ian','Add New Item','ID Inventory : D014\n                                Item Name : Monitor DELL\n                                Category : 4\n                                S/N : 705T',7),(53,'2016-03-15 12:08:35','Ian','Add New Division','Division Name : Content',6),(54,'2016-03-15 12:08:49','Ian','Add New Item','Name : Andre\n                    Division : 6',3),(55,'2016-03-15 12:08:57','Ian','Add New Item','Name : Ratna\n                    Division : 6',4),(56,'2016-03-15 12:09:15','Ian','Add New Item','Name : Reza\n                    Division : 6',5),(57,'2016-03-15 12:09:28','Ian','Add New Item','Name : Rizki\n                    Division : 6',6),(58,'2016-03-15 12:09:48','Ian','Add New Item','Name : Yuli\n                    Division : 6',7),(59,'2016-03-15 12:10:40','Ian','Add New Division','Division Name : Internal',7),(60,'2016-03-15 12:10:51','Ian','Add New Item','Name : Fitri\n                    Division : 7',8),(61,'2016-03-15 12:11:24','Ian','Add New Item','Name : Oni\n                    Division : 2',9),(62,'2016-03-15 12:11:36','Ian','Add New Item','Name : Karin\n                    Division : 3',10),(63,'2016-03-15 12:11:54','Ian','Add New Item','Name : Felicia\n                    Division : 3',11),(64,'2016-03-15 12:12:21','Ian','Add New Division','Division Name : Finance',8),(65,'2016-03-15 12:12:33','Ian','Add New Item','Name : Zia\n                    Division : 8',12),(66,'2016-03-15 12:12:44','Ian','Add New Division','Division Name : Design',9),(67,'2016-03-15 12:13:04','Ian','Add New Item','Name : Ilham\n                    Division : 9',13),(68,'2016-03-15 12:13:20','Ian','Add New Item','Name : Fadhly\n                    Division : 9',14),(69,'2016-03-15 13:20:59','admin','User Login Success','Username : admin<br>Name : Ian',1),(70,'2016-03-15 13:21:19','Ian','Add New Division','Division Name : Developer',10),(71,'2016-03-15 13:21:37','Ian','Add New Item','Name : Ghozali\n                    Division : 10',15),(72,'2016-03-15 13:21:51','Ian','Add New Item','Name : Kandito\n                    Division : 10',16),(73,'2016-03-15 13:22:17','Ian','Add New Item','Name : Ronny Wijaya\n                    Division : 10',17),(74,'2016-03-15 13:22:28','Ian','Add New Item','Name : Ronsky\n                    Division : 10',18),(75,'2016-03-15 13:22:43','Ian','Add New Item','Name : Ihsan\n                    Division : 10',19),(76,'2016-03-15 13:22:57','Ian','Add New Item','Name : Sendy\n                    Division : 10',20),(77,'2016-03-15 13:23:14','Ian','Add New Division','Division Name : CEO',11),(78,'2016-03-15 13:23:25','Ian','Add New Item','Name : Oby\n                    Division : 11',21),(79,'2016-03-15 13:23:44','Ian','Add New Item','Name : Carlo\n                    Division : 11',22),(80,'2016-03-15 13:24:09','Ian','Add New Item','Name : Andhy\n                    Division : 11',23),(81,'2016-03-15 13:24:58','Ian','Add New Item','Name : Sandi\n                    Division : 4',24),(82,'2016-03-15 13:25:11','Ian','Add New Item','Name : Lia\n                    Division : 4',25),(83,'2016-03-15 13:25:21','Ian','Add New Item','Name : Pipit\n                    Division : 4',26),(84,'2016-03-15 13:26:48','Ian','Add New Item','Name : Iwan\n                    Division : 4',27),(85,'2016-03-15 13:26:58','Ian','Add New Item','Name : Risa\n                    Division : 4',28),(86,'2016-03-15 13:27:08','Ian','Add New Item','Name : Siska\n                    Division : 4',29),(87,'2016-03-15 13:27:30','Ian','Add New Item','Name : Difa\n                    Division : 4',30),(88,'2016-03-15 13:27:40','Ian','Add New Item','Name : Ayu\n                    Division : 4',31),(89,'2016-03-15 13:28:30','Ian','Add New Item','Name : Indah\n                    Division : 4',32),(90,'2016-03-15 13:28:38','Ian','Add New Item','Name : Nimas\n                    Division : 4',33),(91,'2016-03-15 13:28:56','Ian','Add New Item','Name : Samuel\n                    Division : 4',34),(92,'2016-03-15 13:29:10','Ian','Add New Item','Name : Semarita\n                    Division : 4',35),(93,'2016-03-15 13:29:40','Ian','Add New Item','Name : Putri\n                    Division : 5',36),(94,'2016-03-15 13:30:11','Ian','Add New Item','Name : Asri Suntara\n                    Division : 4',37),(95,'2016-03-15 13:30:27','Ian','Add New Item','Name : Ambar\n                    Division : 4',38),(96,'2016-03-15 13:30:45','Ian','Add New Item','Name : Ziah\n                    Division : 5',39),(97,'2016-03-15 13:32:32','Ian','Add New Item','Name : Nisa\n                    Division : 5',40),(98,'2016-03-15 13:32:46','Ian','Add New Item','Name : Maya\n                    Division : 5',41),(99,'2016-03-15 13:34:19','Ian','Add New Item','Name : Mesi\n                    Division : 5',42),(100,'2016-03-15 13:34:28','Ian','Add New Item','Name : Ary\n                    Division : 4',43),(101,'2016-03-15 13:34:42','Ian','Add New Item','Name : Disa\n                    Division : 4',44),(102,'2016-03-15 13:49:05','Ian','Add New Item','Name : Nita\n                    Division : 6',45),(103,'2016-03-15 13:56:01','Ian','Update User','\n												 				OLD DATA\n												 				---------------------------------------\n												 				Name 		: Ian\n							                    				Division 	: 1\n\n							                    				NEW DATA\n							                    				----------------------------------------\n							                    				Name 		: Iana\n							                    				Division 	: 1\n							                    				',1),(104,'2016-03-15 13:56:12','Ian','Update User','\n												 				OLD DATA\n												 				---------------------------------------\n												 				Name 		: Iana\n							                    				Division 	: 1\n\n							                    				NEW DATA\n							                    				----------------------------------------\n							                    				Name 		: Ian\n							                    				Division 	: 1\n							                    				',1),(105,'2016-03-15 14:08:01','Admin','User Login Success','Username : admin<br>Name : Ian',1),(106,'2016-03-15 14:39:43','Ian','Add New Item','Name : \n                    Division : ',46),(107,'2016-03-15 14:39:43','Ian','Add New User','Username    : sadsa\n                        Name        : asdsadasd\n                        Permision   : Administrator\n                        Password    : asd',0),(108,'2016-03-15 14:39:56','Ian','Add New Item','Name : \n                    Division : ',47),(109,'2016-03-15 14:39:56','Ian','Add New User','Username    : asdasda\n                        Name        : dasdsadsa\n                        Permision   : User\n                        Password    : asd',0),(110,'2016-03-15 14:41:58','Ian','Update User','\n													 				OLD DATA\n													 				--------------------------------------\n																	Username    : sadsa\n											                        Password    : asd\n											                        Name        : asdsadasd\n											                        Permission  : Administrator\n\n													 				NEW DATA\n													 				--------------------------------------\n																	Username    : sadsaasdsadsad\n											                        Password    : asd\n											                        Name        : asdsadasd\n											                        Permission  : Administrator',3),(111,'2016-03-15 14:42:03','Ian','Update User','\n													 				OLD DATA\n													 				--------------------------------------\n																	Username    : asdasda\n											                        Password    : asd\n											                        Name        : dasdsadsa\n											                        Permission  : User\n\n													 				NEW DATA\n													 				--------------------------------------\n																	Username    : asdasdadsafasdsa\n											                        Password    : asd\n											                        Name        : dasdsadsa\n											                        Permission  : User',4),(112,'2016-03-15 14:42:13','Ian','Deleting User(s)','Name : Andre\n                                    Division : 6',3),(113,'2016-03-15 14:42:13','Ian','Deleting User(s)','Name : Ratna\n                                    Division : 6',4),(114,'2016-03-15 14:42:13','Ian','Delete User','Username    : sadsaasdsadsad\n                                    Name        : asdsadasd\n                                    Permision   : Administrator',0),(115,'2016-03-15 14:42:13','Ian','Delete User','Username    : asdasdadsafasdsa\n                                    Name        : dasdsadsa\n                                    Permision   : Operator',0),(116,'2016-03-15 14:46:36','Ian','Add New Item','Name : Andre\n                    Division : 6',48),(117,'2016-03-15 14:46:45','Ian','Add New Item','Name : Ratna\n                    Division : 6',49),(118,'2016-03-15 16:38:49','Admin','User Login Success','Username : admin<br>Name : Ian',1),(119,'2016-03-15 16:43:55','Ian','Add New Item','ID Inventory : A34\n                                Item Name : Laptop Lenovo B490\n                                Category : 1\n                                S/N : 50785',8),(120,'2016-03-15 16:45:11','Ian','Add New Item','ID Inventory : A50\n                                Item Name : Lenovo G40\n                                Category : 1\n                                S/N : 5E5D',9),(121,'2016-03-15 16:45:27','Ian','Update Item','\n												 				OLD DATA\n												 				---------------------------------------\n												 				ID Inventory 	: A009\n							                    				Date In 		: 2016-03-08 00:00:00\n							                    				Date Out 		: 2016-03-15 11:39:10\n							                    				Item Name 		: Laptop Lenovo Z50\n							                    				Category 		: 1\n							                    				S/N 			: YB05020152\n							                    				Status 			: Used Up\n							                    				ID User 		: 1\n							                    				Last ID User 	: 0\n							                    				Notes 			: \n\n							                    				NEW DATA\n							                    				----------------------------------------\n							                    				ID Inventory 	: A009\n							                    				Date In 		: 2016-03-08 00:00:00\n							                    				Item Name 		: Lenovo Z50\n							                    				Category 		: 1\n							                    				S/N 			: YB05020152\n							                    				',1),(122,'2016-03-15 16:45:35','Ian','Update Item','\n												 				OLD DATA\n												 				---------------------------------------\n												 				ID Inventory 	: A34\n							                    				Date In 		: 2016-03-15 16:43:55\n							                    				Date Out 		: \n							                    				Item Name 		: Laptop Lenovo B490\n							                    				Category 		: 1\n							                    				S/N 			: 50785\n							                    				Status 			: Stock\n							                    				ID User 		: 0\n							                    				Last ID User 	: 0\n							                    				Notes 			: Baru\n\n							                    				NEW DATA\n							                    				----------------------------------------\n							                    				ID Inventory 	: A34\n							                    				Date In 		: 2016-03-15 00:00:00\n							                    				Item Name 		: Lenovo B490\n							                    				Category 		: 1\n							                    				S/N 			: 50785\n							                    				',8),(123,'2016-03-15 16:45:46','Ian','Update Item','\n												 				OLD DATA\n												 				---------------------------------------\n												 				ID Inventory 	: C018\n							                    				Date In 		: 2016-03-15 11:41:57\n							                    				Date Out 		: 2016-03-15 11:47:22\n							                    				Item Name 		: Mouse Logitech\n							                    				Category 		: 3\n							                    				S/N 			: HS424HA\n							                    				Status 			: Used Up\n							                    				ID User 		: 1\n							                    				Last ID User 	: 0\n							                    				Notes 			: \n\n							                    				NEW DATA\n							                    				----------------------------------------\n							                    				ID Inventory 	: C018\n							                    				Date In 		: 2016-03-15 00:00:00\n							                    				Item Name 		: Logitech\n							                    				Category 		: 3\n							                    				S/N 			: HS424HA\n							                    				',6),(124,'2016-03-15 16:45:55','Ian','Update Item','\n												 				OLD DATA\n												 				---------------------------------------\n												 				ID Inventory 	: D014\n							                    				Date In 		: 2016-03-15 11:46:17\n							                    				Date Out 		: 2016-03-15 11:47:08\n							                    				Item Name 		: Monitor DELL\n							                    				Category 		: 4\n							                    				S/N 			: 705T\n							                    				Status 			: Used Up\n							                    				ID User 		: 1\n							                    				Last ID User 	: 0\n							                    				Notes 			: \n\n							                    				NEW DATA\n							                    				----------------------------------------\n							                    				ID Inventory 	: D014\n							                    				Date In 		: 2016-03-15 00:00:00\n							                    				Item Name 		: DELL\n							                    				Category 		: 4\n							                    				S/N 			: 705T\n							                    				',7),(125,'2016-03-15 16:47:42','Ian','Add New Item','ID Inventory : A46\n                                Item Name : Lenovo G40-45\n                                Category : 1\n                                S/N : G5RM',10),(126,'2016-03-15 16:47:51','Ian','Update Item','\n												 				OLD DATA\n												 				---------------------------------------\n												 				ID Inventory 	: A50\n							                    				Date In 		: 2016-03-15 16:45:11\n							                    				Date Out 		: \n							                    				Item Name 		: Lenovo G40\n							                    				Category 		: 1\n							                    				S/N 			: 5E5D\n							                    				Status 			: Stock\n							                    				ID User 		: 0\n							                    				Last ID User 	: 0\n							                    				Notes 			: Baru\n\n							                    				NEW DATA\n							                    				----------------------------------------\n							                    				ID Inventory 	: A50\n							                    				Date In 		: 2016-03-15 00:00:00\n							                    				Item Name 		: Lenovo G40-45\n							                    				Category 		: 1\n							                    				S/N 			: 5E5D\n							                    				',9),(127,'2016-03-15 16:48:11','Ian','Update Item','\n												 				OLD DATA\n												 				---------------------------------------\n												 				ID Inventory 	: A009\n							                    				Date In 		: 2016-03-08 00:00:00\n							                    				Date Out 		: 2016-03-15 11:39:10\n							                    				Item Name 		: Lenovo Z50\n							                    				Category 		: 1\n							                    				S/N 			: YB05020152\n							                    				Status 			: Used Up\n							                    				ID User 		: 1\n							                    				Last ID User 	: 0\n							                    				Notes 			: \n\n							                    				NEW DATA\n							                    				----------------------------------------\n							                    				ID Inventory 	: A009\n							                    				Date In 		: 2016-03-08 00:00:00\n							                    				Item Name 		: Lenovo Z50-70\n							                    				Category 		: 1\n							                    				S/N 			: YB05020152\n							                    				',1),(128,'2016-03-15 16:48:45','Ian','Add New Item','ID Inventory : A49\n                                Item Name : Lenovo G40-45\n                                Category : 1\n                                S/N : 5B8M',11),(129,'2016-03-15 16:49:23','Ian','Add New Item','ID Inventory : A42\n                                Item Name : Lenovo G40-45\n                                Category : 1\n                                S/N : X7HM',12),(130,'2016-03-15 16:49:54','Ian','Add New Item','ID Inventory : A51\n                                Item Name : Lenovo G40-45\n                                Category : 1\n                                S/N : 6EAM',13),(131,'2016-03-15 16:51:26','Ian','Add New Item','ID Inventory : E45\n                                Item Name : Adaptor Lenovo Kotak\n                                Category : 5\n                                S/N : 59EVWT',14),(132,'2016-03-15 16:54:55','Ian','Add New Item','ID Inventory : E32\n                                Item Name : Adaptor Lenovo Kotak\n                                Category : 5\n                                S/N : 770RP7',15),(133,'2016-03-15 16:55:30','Ian','Add New Item','ID Inventory : E46\n                                Item Name : Adaptor Lenovo Kotak\n                                Category : 5\n                                S/N : V01T1',16),(134,'2016-03-15 16:57:52','Ian','Add New Item','ID Inventory : E49\n                                Item Name : Adaptor Lenovo Kotak\n                                Category : 5\n                                S/N : T0C5H',17),(135,'2016-03-15 17:01:31','Ian','Add New Item','ID Inventory : E50\n                                Item Name : Adaptor Lenovo Kotak\n                                Category : 5\n                                S/N : 87CP5',18),(136,'2016-03-15 17:05:46','Ian','Add New Item','ID Inventory : A11\n                                Item Name : Lenovo Z50-70\n                                Category : 1\n                                S/N : 39003',19),(137,'2016-03-15 17:08:27','Ian','Add New Item','ID Inventory : B04\n                                Item Name : Logitech K200\n                                Category : 2\n                                S/N : AW738',20),(138,'2016-03-15 17:10:09','Ian','Add New Item','ID Inventory : C28\n                                Item Name : Logitech B100\n                                Category : 3\n                                S/N : C28',21),(139,'2016-03-15 17:13:45','Ian','Add New Item','ID Inventory : A37\n                                Item Name : Lenono B490\n                                Category : 1\n                                S/N : 26681',22),(140,'2016-03-15 17:18:04','Ian','Add New Item','ID Inventory : D004\n                                Item Name : LG\n                                Category : 4\n                                S/N : 70497',23),(141,'2016-03-15 17:19:36','Ian','Add New Item','ID Inventory : C17\n                                Item Name : Mouse Gaming\n                                Category : 3\n                                S/N : 22719',24),(142,'2016-03-15 17:20:47','Ian','Add New Item','ID Inventory : B007\n                                Item Name : Logitech K200\n                                Category : 1\n                                S/N : 4XDN8',25),(143,'2016-03-15 17:22:50','Ian','Update Item','\n												 				OLD DATA\n												 				---------------------------------------\n												 				ID Inventory 	: B007\n							                    				Date In 		: 2016-03-15 17:20:47\n							                    				Date Out 		: 2016-03-15 17:21:16\n							                    				Item Name 		: Logitech K200\n							                    				Category 		: 1\n							                    				S/N 			: 4XDN8\n							                    				Status 			: Used Up\n							                    				ID User 		: 2\n							                    				Last ID User 	: 0\n							                    				Notes 			: \n\n							                    				NEW DATA\n							                    				----------------------------------------\n							                    				ID Inventory 	: B007\n							                    				Date In 		: 2016-03-15 00:00:00\n							                    				Item Name 		: Logitech K200\n							                    				Category 		: 2\n							                    				S/N 			: 4XDN8\n							                    				',25),(144,'2016-03-15 17:24:29','Ian','Add New Item','ID Inventory : E36\n                                Item Name : Adaptor Lenovo Bulat\n                                Category : 5\n                                S/N : CVG2P',26),(145,'2016-03-15 17:26:13','Ian','Add New Item','ID Inventory : B003\n                                Item Name : Logitech K200\n                                Category : 2\n                                S/N : 4WVY8',27),(146,'2016-03-15 17:28:05','Ian','Add New Item','ID Inventory : E33\n                                Item Name : Adaptor Lenovo Kotak\n                                Category : 5\n                                S/N : 4B52TJ',28),(147,'2016-03-16 11:26:59','admin','User Login Success','Username : admin<br>Name : Ian',1),(148,'2016-03-16 11:44:44','admin','User Logout','Username : admin<br>Name : Ian',0),(149,'2016-03-16 11:44:48','admin','User Login Success','Username : admin<br>Name : Ian',1),(150,'2016-03-16 13:10:03','admin','User Login Success','Username : admin<br>Name : Ian',1),(151,'2016-03-16 15:12:37','Ian','Add New Item','ID Inventory : E51\n                                    Item Name : Adaptor Lenovo Kotak\n                                    Category : 5\n                                    S/N : 702DM',29),(152,'2016-03-16 15:13:43','Ian','Add New Item','ID Inventory : A52\n                                    Item Name : Lenovo ideapad 300-14ISK\n                                    Category : 1\n                                    S/N : PF0E6BEM',30),(153,'2016-03-16 15:23:25','Admin','User Login Success','Username : admin<br>Name : Ian',1),(154,'2016-03-16 15:25:02','Ian','Add New Item','ID Inventory : C15\n                                    Item Name : Mouse Gaming\n                                    Category : 3\n                                    S/N : 22719\n                                    To User : 48',31),(155,'2016-03-16 15:30:34','Ian','Add New Item','ID Inventory : A17\n                                    Item Name : laptop Lenovo B40\n                                    Category : 1\n                                    S/N : 93551\n                                    To User : 48',32),(156,'2016-03-16 15:31:26','Ian','Add New Item','ID Inventory : E23\n                                    Item Name : Adaptor Lenovo Kotak\n                                    Category : 5\n                                    S/N : AW9ZL\n                                    To User : 48',33),(157,'2016-03-16 15:32:47','Ian','Add New Item','ID Inventory : B11\n                                    Item Name : Keyboard Logitech K200\n                                    Category : 2\n                                    S/N : 8TYA8\n                                    To User : 48',34),(158,'2016-03-16 15:34:31','Ian','Add New Item','ID Inventory : A43\n                                    Item Name : Lenovo G40-45\n                                    Category : 1\n                                    S/N : PF0CM454\n                                    To User : 49',35),(159,'2016-03-16 15:35:37','Ian','Add New Item','ID Inventory : E007\n                                    Item Name : Adaptor Lenovo Kotak\n                                    Category : 5\n                                    S/N : AVHHM\n                                    To User : 49',36),(160,'2016-03-16 15:37:43','Ian','Add New Item','ID Inventory : C38\n                                    Item Name : Mouse Logitech\n                                    Category : 3\n                                    S/N : 30HA\n                                    To User : 49',37),(161,'2016-03-16 15:40:28','Ian','Add New Item','ID Inventory : D005\n                                    Item Name : Monitor LG`\n                                    Category : 4\n                                    S/N : C686\n                                    To User : 5',38),(162,'2016-03-16 15:41:30','Ian','Add New Item','ID Inventory : C26\n                                    Item Name : Mouse Logitech\n                                    Category : 3\n                                    S/N : 47HA\n                                    To User : 45',39),(163,'2016-03-16 15:42:12','Ian','Add New Item','ID Inventory : B009\n                                    Item Name : Keyboard Logitech K200\n                                    Category : 2\n                                    S/N : XJY8\n                                    To User : 45',40),(164,'2016-03-16 15:43:12','Ian','Add New Item','ID Inventory : A16\n                                    Item Name : laptop Lenovo B40\n                                    Category : 1\n                                    S/N : 94393\n                                    To User : 45',41),(165,'2016-03-16 15:44:14','Ian','Add New Item','ID Inventory : E24\n                                    Item Name : Adaptor Lenovo Kotak\n                                    Category : 5\n                                    S/N : AWA0X\n                                    To User : 45',42),(166,'2016-03-16 15:44:59','Ian','Add New Item','ID Inventory : E21\n                                    Item Name : Adaptor Lenovo Kotak\n                                    Category : 5\n                                    S/N : AVJAN\n                                    To User : 7',43),(167,'2016-03-16 15:45:40','Ian','Add New Item','ID Inventory : A18\n                                    Item Name : laptop Lenovo B40\n                                    Category : 1\n                                    S/N : 394118\n                                    To User : 7',44),(168,'2016-03-16 15:47:14','Ian','Add New Item','ID Inventory : F26\n                                    Item Name : Headset Logitech H151\n                                    Category : 6\n                                    S/N : LA11508\n                                    To User : 7',45),(169,'2016-03-16 15:48:46','Ian','Add New Item','ID Inventory : C14\n                                    Item Name : Mouse Gaming\n                                    Category : 3\n                                    S/N : 22719\n                                    To User : 8',46),(170,'2016-03-16 15:49:59','Ian','Add New Item','ID Inventory : B10\n                                    Item Name : Keyboard Logitech K200\n                                    Category : 2\n                                    S/N : XFX8\n                                    To User : 8',47),(171,'2016-03-16 15:51:42','Ian','Add New Item','ID Inventory : A33\n                                    Item Name : Laptop Lenovo B490\n                                    Category : 1\n                                    S/N : 50757\n                                    To User : 8',48),(172,'2016-03-16 15:54:01','Ian','Add New Item','ID Inventory : E30\n                                    Item Name : Adaptor Lenovo Bulat\n                                    Category : 5\n                                    S/N : BVDH5\n                                    To User : 8',49),(173,'2016-03-16 15:55:21','Ian','Add New Item','ID Inventory : F17\n                                    Item Name : Headset Logitech H150\n                                    Category : 6\n                                    S/N : 80678\n                                    To User : 8',50),(174,'2016-03-16 17:46:08','admin','User Login Success','Username : admin<br>Name : Ian',1),(175,'2016-03-17 09:41:09','admin','User Login Success','Username : admin<br>Name : Ian',1),(176,'2016-03-17 09:42:03','Ian','Add New Item','ID Inventory : C48\n                                    Item Name : Mouse Logitech\n                                    Category : 3\n                                    S/N : HS447HA',51),(177,'2016-03-17 10:49:38','admin','User Login Success','Username : admin<br>Name : Ian',1),(178,'2016-03-17 10:53:19','Ian','Add New Item','',52),(179,'2016-03-17 10:55:25','Ian','Add New Item','',53),(180,'2016-03-17 10:57:07','Ian','Add New Item','',54),(181,'2016-03-17 10:58:36','Ian','Add New Item','',55),(182,'2016-03-17 11:01:32','Ian','Add New Item','',56),(183,'2016-03-17 11:03:18','Ian','Add New Item','',57),(184,'2016-03-17 11:04:10','Ian','Add New Item','',58),(185,'2016-03-17 11:05:28','Ian','Add New Item','',59),(186,'2016-03-17 11:07:09','Ian','Add New Item','',60),(187,'2016-03-17 11:10:48','Ian','Add New Item','ID Inventory : B12\n                                    Item Name : Keyboard Extron EX-9920\n                                    Category : Keyboard\n                                    S/N : 110900027',61),(188,'2016-03-17 11:11:56','Ian','Add New Item','',62),(189,'2016-03-17 11:13:05','Ian','Add New Item','',63),(190,'2016-03-17 11:16:02','Ian','Add New Item','',64),(191,'2016-03-17 11:18:22','Ian','Add New Item','',65),(192,'2016-03-17 11:19:15','Ian','Add New Item','',66),(193,'2016-03-17 11:21:27','Ian','Ingoing Item Transaction','Date In : 2016-03-17\n                    ID Inventory : B003\n                    User : 7\n                    Notes : Baik\n                    ',0);
/*!40000 ALTER TABLE `log` ENABLE KEYS */;
UNLOCK TABLES;

--
-- Table structure for table `user`
--

DROP TABLE IF EXISTS `user`;
/*!40101 SET @saved_cs_client     = @@character_set_client */;
/*!40101 SET character_set_client = utf8 */;
CREATE TABLE `user` (
  `iduser` int(11) NOT NULL AUTO_INCREMENT,
  `name` varchar(45) NOT NULL,
  `iddivision` int(11) NOT NULL,
  PRIMARY KEY (`iduser`)
) ENGINE=InnoDB AUTO_INCREMENT=50 DEFAULT CHARSET=latin1;
/*!40101 SET character_set_client = @saved_cs_client */;

--
-- Dumping data for table `user`
--

LOCK TABLES `user` WRITE;
/*!40000 ALTER TABLE `user` DISABLE KEYS */;
INSERT INTO `user` VALUES (1,'Ian',1),(2,'Johan',2),(5,'Reza',6),(6,'Rizki',6),(7,'Yuli',6),(8,'Fitri',7),(9,'Oni',2),(10,'Karin',3),(11,'Felicia',3),(12,'Zia',8),(13,'Ilham',9),(14,'Fadhly',9),(15,'Ghozali',10),(16,'Kandito',10),(17,'Ronny Wijaya',10),(18,'Ronsky',10),(19,'Ihsan',10),(20,'Sendy',10),(21,'Oby',11),(22,'Carlo',11),(23,'Andhy',11),(24,'Sandi',4),(25,'Lia',4),(26,'Pipit',4),(27,'Iwan',4),(28,'Risa',4),(29,'Siska',4),(30,'Difa',4),(31,'Ayu',4),(32,'Indah',4),(33,'Nimas',4),(34,'Samuel',4),(35,'Semarita',4),(36,'Putri',5),(37,'Asri Suntara',4),(38,'Ambar',4),(39,'Ziah',5),(40,'Nisa',5),(41,'Maya',5),(42,'Mesi',5),(43,'Ary',4),(44,'Disa',4),(45,'Nita',6),(48,'Andre',6),(49,'Ratna',6);
/*!40000 ALTER TABLE `user` ENABLE KEYS */;
UNLOCK TABLES;
/*!40103 SET TIME_ZONE=@OLD_TIME_ZONE */;

/*!40101 SET SQL_MODE=@OLD_SQL_MODE */;
/*!40014 SET FOREIGN_KEY_CHECKS=@OLD_FOREIGN_KEY_CHECKS */;
/*!40014 SET UNIQUE_CHECKS=@OLD_UNIQUE_CHECKS */;
/*!40101 SET CHARACTER_SET_CLIENT=@OLD_CHARACTER_SET_CLIENT */;
/*!40101 SET CHARACTER_SET_RESULTS=@OLD_CHARACTER_SET_RESULTS */;
/*!40101 SET COLLATION_CONNECTION=@OLD_COLLATION_CONNECTION */;
/*!40111 SET SQL_NOTES=@OLD_SQL_NOTES */;

-- Dump completed on 2016-03-17 15:44:48
